,open,close,high,low,open_next_day,close_next_day,p_change_today,p_change_next_day
399001,9293.2,9195.24,9335.09,9195.24,10826.788,10859.493999999999,-1.0653338031416357,18.099081698791974
000001,2801.78,2787.26,2818.4,2786.04,3207.534,3200.2434,-0.5209417133672489,14.816823690649583
603356,21.83,21.43,21.98,21.39,21.871843,21.328007,-1.8665422305179586,-0.47593560429304815
002879,16.58,16.4,17.15,16.3,16.46276,16.278131,-1.0975609756097544,-0.7431036585365868
603477,15.1,15.71,15.88,14.89,15.336459,15.5486965,3.8828771483131836,-1.0267568427753069
002143,5.51,6.04,6.31,5.51,5.942928299999999,5.9037123,8.774834437086097,-2.256418874172193
