,open,close,high,low,open_next_day,close_next_day,p_change_today,p_change_next_day
603477,14.45,14.83,14.88,13.9,14.556482,15.435904,2.562373567093734,4.085664194200948
002143,13.38,12.09,13.47,12.09,12.022300999999999,12.416715,-10.669975186104226,2.7023573200992566
002052,4.29,4.54,4.54,4.26,4.320007,4.6116410000000005,5.506607929515418,1.5779955947136677
600525,9.48,9.91,9.95,9.4,9.955418,9.939355,4.339051463168514,0.2962159434914297
