,open,close,high,low,open_next_day,close_next_day,p_change_today,p_change_next_day
603477,15.2,15.04,15.3,14.7,15.252795,15.574816,-1.0638297872340436,3.555957446808518
603356,21.5,21.74,21.79,21.29,21.58986,22.391754000000002,1.1039558417663222,2.9979484820607363
